Code;Nom Cheirobom;Marque d'inspiration;Genre;Catégorie
E001 / C001;Murky Night;Yves Saint Laurent (YSL);Femme;Élixir
E002 / C002;Her Night;Yves Saint Laurent (YSL);Femme;Élixir
E003 / C003;Douce Culpabilité;Gucci;Femme;Élixir
E004 / C004;Aura Précieuse;Chanel;Femme;Élixir
E005 / C005;Heaven Dream;Thierry Mugler;Femme;Élixir
E006 / C006;Écho Romain;Laura Biagiotti;Femme;Élixir
E007 / C007;Spell Obsession;Dior;Femme;Élixir
E008 / C008;Grace Ode;Dior;Femme;Élixir
E009 / C009;Vœu Sincère;Dolce & Gabbana (D&G);Femme;Élixir
E010 / C010;Azur Léger;Dolce & Gabbana (D&G);Femme;Élixir
E011 / C011;Pétale Suspendu;Kenzo;Femme;Élixir
E012 / C012;Chic Silhouette;Chanel;Femme;Élixir
E013 / C013;Invine;Prada;Femme;Élixir
E014 / C014;Purple Mystery;Thierry Mugler;Femme;Élixir
E015;Pink Treat;Kayali Fragrances;Femme;Élixir
E016 / C015;Passion Flame;Armani;Femme;Élixir
E017 / C016;Gold Starshine;Paco Rabanne;Femme;Élixir
E018 / C017;Trait Distinctif;Chloé;Femme;Élixir
E019 / C018;Gentle Bliss;Lancôme;Femme;Élixir
E020;Regal Heritage;Creed;Femme;Élixir
E021 / C019;Flamme Discrète;Narciso Rodriguez;Femme;Élixir
E022 / C020;Don Total;Narciso Rodriguez;Femme;Élixir
E023 / C021;Bare Moss;Narciso Rodriguez;Femme;Élixir
E024 / C022;Rose Épurée;Narciso Rodriguez;Femme;Élixir
E025 / C023;Noir Élégant;Narciso Rodriguez;Femme;Élixir
E026 / C024;Échappée Libre;Burberry;Femme;Élixir
E027 / C025;Her Freedom;Yves Saint Laurent (YSL);Femme;Élixir
E028 / C026;Unspoken Desire;Givenchy;Femme;Élixir
E029 / C027;Mon Écosse;Burberry;Femme;Élixir
E030 / C028;Souveraine Dorée;Dolce & Gabbana (D&G);Femme;Élixir
E031 / C029;Coup de Chance;Chanel;Femme;Élixir
E032 / C030;Éclat Saphir;Bulgari;Femme;Élixir
E033 / C031;Lady Poise;Chloé;Femme;Élixir
E034 / C032;Terre Joyeuse;Armani;Femme;Élixir
E035 / C033;Élixir Aromatique;Clinique;Femme;Élixir
E036 / C034;Cristal Obscur;Versace;Femme;Élixir
E037 / C035;Passion Ailée;Versace;Femme;Élixir
E038 / C036;Cherry Bold;Carolina Herrera;Femme;Élixir
E039 / C037;Lust Rebel for Her;Jean Paul Gaultier (JPG);Femme;Élixir
E040 / C038;Airy Bloom;Gucci;Femme;Élixir
E041 / C039;Vertige Sucré;Dior;Femme;Élixir
E042 / C040;Douceur Chérie;Dior;Femme;Élixir
E043;Ensorcellement Nocturne;Nasomatto;Femme;Élixir
E044 / C041;Ivory Charm;Byredo;Femme;Élixir
E045 / C042;Simplement Être;Calvin Klein;Femme;Élixir
E046 / C043;Silhouette Noire;Guerlain;Femme;Élixir
E047 / C044;Écrin Précieux;Lancôme;Femme;Élixir
E048 / C045;Conte Interdit;Lolita Lempicka;Femme;Élixir
E049 / C046;Rose Écarlate;Guerlain;Femme;Élixir
E050 / C047;Bois Rouge Ardent;Dsquared2;Femme;Élixir
E051 / C048;Vive Insouciance;Juicy Culture;Femme;Élixir
E052 / C049;Bouquet Affirmé;Armani;Femme;Élixir
E053 / C050;Flamme Assumée;Dolce & Gabbana (D&G);Femme;Élixir
E054 / C051;Bright Journey;Armani;Femme;Élixir
E055 / C052;Elva;Giardini di Toscana;Femme;Élixir
E056 / C053;Ange Rebelle;Kilian;Femme;Élixir
E057;White Passion;Victoria's Secret;Femme;Élixir
E058;White Caramel;Victoria's Secret;Femme;Élixir
E059;White Musk;Victoria's Secret;Femme;Élixir
E060;White Jasmine;Victoria's Secret;Femme;Élixir
E061;White Lily;Victoria's Secret;Femme;Élixir
E062;Mémoire Voilée;Amouage;Femme;Élixir
E063 / C054;Roman Muse;Valentino;Femme;Élixir
E064;Esprit de Musc;Parfums de Marly;Femme;Élixir
E065;Esprit de Rose;Parfums de Marly;Femme;Élixir
E066 / C055;Signal Marin;Jean Paul Gaultier (JPG);Homme;Élixir
E067 / C056;Instant Neutre;Calvin Klein;Homme;Élixir
E068 / C057;Vague Azurée;Versace;Homme;Élixir
E069 / C058;Souffle Marin;Armani;Homme;Élixir
E070 / C059;Sillage Latin;Laura Biagiotti;Homme;Élixir
E071 / C060;Chaleur Minérale;Dior;Homme;Élixir
E072 / C061;Cercle Distingué;Givenchy;Homme;Élixir
E073 / C062;Flèche d'Éros;Versace;Homme;Élixir
E074 / C063;Fearless Gold;Paco Rabanne;Homme;Élixir
E075 / C064;Essence Capturée;Hugo Boss;Homme;Élixir
E076 / C065;Invaincu;Paco Rabanne;Homme;Élixir
E077 / C066;Victor Heritage;Creed;Homme;Élixir
E078 / C067;Élégance Transalpine;Acqua di Parma;Homme;Élixir
E079 / C068;Bleu Signature;Chanel;Homme;Élixir
E080 / C069;Farouche;Abercrombie & Fitch;Homme;Élixir
E081 / C070;Horizon Clair;Dolce & Gabbana (D&G);Homme;Élixir
E082 / C071;Wild Might;Dior;Homme;Élixir
E083 / C072;Terre Ardente;Hermès;Homme;Élixir
E084 / C073;Trait Urbain;Hugo Boss;Homme;Élixir
E085 / C074;Smoked Vice;Tom Ford;Homme;Élixir
E086 / C075;Wild Might Intense;Dior;Homme;Élixir
E087 / C076;Gentleman Anglais;Burberry;Homme;Élixir
E088 / C077;Abysse Marine;Armani;Homme;Élixir
E089 / C078;Silhouette Fantôme;Paco Rabanne;Homme;Élixir
E090 / C079;Code Secret;Armani;Homme;Élixir
E091 / C080;Serment Discret;Cartier;Homme;Élixir
E092 / C081;His Night;Yves Saint Laurent (YSL);Homme;Élixir
E093 / C082;Éclat Provocateur;Jean Paul Gaultier (JPG);Homme;Élixir
E094 / C083;Charme Naturel;Chanel;Homme;Élixir
E095 / C084;Dark Intimacy;Yves Saint Laurent (YSL);Homme;Élixir
E096 / C085;Autorité Tranquille;Hugo Boss;Homme;Élixir
E097 / C086;Cœur Vaillant;Diesel;Homme;Élixir
E098 / C087;Force Tranquille;Dolce & Gabbana (D&G);Homme;Élixir
E099 / C088;Sommet Contemporain;Moncler;Homme;Élixir
E100 / C089;Burning Vice;Tom Ford;Homme;Élixir
E101 / C090;Interlude Précieux;Amouage;Homme;Élixir
E102;Excellence Confidentielle;Clive Christian;Homme;Élixir
E103;Onde Tonka;Morph;Mixte;Élixir
E104;Green Treat;Kayali Fragrances;Mixte;Élixir
E105 / C091;Sel de Mer;Profumum Roma;Mixte;Élixir
E106;Black Void;Nasomatto;Mixte;Élixir
E107 / C092;Dusk Nomad;Montale;Mixte;Élixir
E108;Myam;Lattafa;Mixte;Élixir
E109;Velvet Heritage;Creed;Mixte;Élixir
E110 / C093;Alpine Heritage;Creed;Mixte;Élixir
E111 / C094;Éclat Métallique;Dior;Mixte;Élixir
E112 / C095;Shadow Vice;Tom Ford;Mixte;Élixir
E113;Vibration Intense;Morph;Mixte;Élixir
E114;Peau Nue;Morph;Mixte;Élixir
E115;Marée Profonde;Orto Parisi;Mixte;Élixir
E116 / C096;Amande de Sicile;Acqua di Parma;Mixte;Élixir
E117;Deep Majesty;Spirit of Dubai;Mixte;Élixir
E118 / C097;Crystal Signature;F. Kurkdjian;Mixte;Élixir
E119;Ancient Majesty;Spirit of Dubai;Mixte;Élixir
E120;Riviera Solaire;Dior;Mixte;Élixir
E121;Câlin Poudré;Babycoccole;Mixte;Élixir
E122 / C098;Dark Vice;Tom Ford;Mixte;Élixir
E123 / C099;Tabac Ardent;Mancera;Mixte;Élixir
E124;Indompté;Morph;Mixte;Élixir
E125 / C100;Ember Oud;Louis Vuitton;Mixte;Élixir
E126 / C101;Gold Nomad;Montale;Mixte;Élixir
E127 / C102;Envoûtement Doré;Tiziana Terenzi;Mixte;Élixir
E128 / C103;Crimson Vice;Tom Ford;Mixte;Élixir
E129;Braise Nocturne;Louis Vuitton;Mixte;Élixir
E130;Ambre Velouté;Dolce & Gabbana (D&G);Mixte;Élixir
E131 / C104;Medi Vice;Tom Ford;Mixte;Élixir
E132 / C105;White Vice;Tom Ford;Mixte;Élixir
E133;Présence Étrange;Morph;Mixte;Élixir
E134 / C106;South's Whisper;Xerjoff;Mixte;Élixir
E135;Douceur Romaine;Pantheon Roma;Mixte;Élixir
E136;Île Secrète;Jeroboam;Mixte;Élixir
E137 / C107;Soleil Égéen;Xerjoff;Mixte;Élixir
E138;Oud Immersion;Maison Crivelli;Mixte;Élixir
E139;Scarlet Immersion;Maison Crivelli;Mixte;Élixir
E140;Lagon Tropical;Giardini di Toscana;Mixte;Élixir
E141;Lumière Persistante;Atkinsons;Mixte;Élixir
E142;Étoile Intérieure;Amouage;Mixte;Élixir
E143;Écho Précieux;Amouage;Mixte;Élixir
E144;Cèdre Impérial;Essential Parfums;Mixte;Élixir
E145;Galaxy Immersion;Maison Crivelli;Mixte;Élixir
E146;Naked Vice;Tom Ford;Mixte;Élixir
E147;Crown Heritage;Creed;Mixte;Élixir
E148;Majestic Heritage;Creed;Mixte;Élixir
E149;Obsidian Heritage;Creed;Mixte;Élixir
E150 / C108;Silent Breath;Matière Première;Mixte;Élixir
E151;Garden of Amber Resin;Jo Malone London;Mixte;Élixir
E152;Garden of Golden Fields;Jo Malone London;Mixte;Élixir
E153;Garden of White Orchard;Jo Malone London;Mixte;Élixir
E154;Garden of Smoked Citrus;Jo Malone London;Mixte;Élixir
E155;Empire Doré;Creed;Homme;Prestige
E156 / C109;Empire;Creed;Homme;Prestige
E157;Empire Femme;Creed;Femme;Prestige
E158 / C110;Rouge Cristal;Maison Francis Kurkdjian;Mixte;Prestige
E159;Alchimie Nue;Morph;Mixte;Prestige
E160;Musc Éternel;Valaya;Mixte;Prestige
E161 / C111;Sortilège;Tiziana Terenzi;Mixte;Prestige
E162;Souvenir;Amouage;Femme;Prestige
E163;Vénus Envoûtante;Nasomatto;Femme;Prestige
E164;Nuit Ardente;Louis Vuitton;Mixte;Prestige
E165 / C112;Âme Nomade;Louis Vuitton;Mixte;Prestige
E166;Oud Impérial;Creed;Homme;Prestige
E167;Oud Royal;Creed;Homme;Prestige
E168 / C113;Instinct;Dior;Homme;Prestige
E169;Poudre de Vanille;Matière Première;Mixte;Prestige
E170;Soleil Ambré;Dolce & Gabbana;Mixte;Prestige
E171;Bois Précieux;Essential Parfums;Mixte;Prestige
E172;Île Bleue;Giardini di Toscana;Mixte;Prestige
E173;Née à Rome;Valentino;Femme;Prestige
E174;Poire Anglaise;Jo Malone London;Mixte;Prestige
E175;Lumière Guide;Amouage;Mixte;Prestige
E176;Hibiscus Sacré;Maison Crivelli;Mixte;Prestige
E177 / C114;Mon Chemin;Giorgio Armani;Femme;Prestige
E178;Myrrhe & Fève Tonka;Jo Malone London;Mixte;Prestige
E179;Oud & Agrumes;Jo Malone London;Mixte;Prestige
E180 / C115;Bois d'Oud;Tom Ford;Mixte;Prestige
E181;Coquelicot Doré;Jo Malone London;Mixte;Prestige
E182;Musc Pur;Narciso Rodriguez;Femme;Prestige
E183;Miroir;Amouage;Mixte;Prestige
E184 / C116;Instinct Élixir;Dior;Homme;Prestige
E185;Vanille Sublime;Creed;Mixte;Prestige
E186;Tubéreuse Céleste;Maison Crivelli;Mixte;Prestige
E187;Vanille Interdite;Tom Ford;Mixte;Prestige
E188;Guimauve Gourmande;Kayali;Femme;Prestige
E189;Pistache Glacée;Kayali;Mixte;Prestige
