Nom Cheirobom;Parfum copié;Marque;Contenances disponibles
Murky Night;Black Opium;Yves Saint Laurent (YSL);35 mL / 100 mL
Her Night;Opium;Yves Saint Laurent (YSL);35 mL / 100 mL
Douce Culpabilité;Guilty;Gucci;35 mL / 100 mL
Aura Précieuse;N°5;Chanel;35 mL / 100 mL
Heaven Dream;Angel;Thierry Mugler;35 mL / 100 mL
Écho Romain;Roma;Laura Biagiotti;35 mL / 100 mL
Spell Obsession;Hypnotic Poison;Dior;35 mL / 100 mL
Grace Ode;J'adore;Dior;35 mL / 100 mL
Vœu Sincère;Devotion;Dolce & Gabbana (D&G);35 mL / 100 mL
Azur Léger;Light Blue;Dolce & Gabbana (D&G);35 mL / 100 mL
Pétale Suspendu;Flower;Kenzo;35 mL / 100 mL
Chic Silhouette;Coco Mademoiselle;Chanel;35 mL / 100 mL
Invine;Paradoxe;Prada;35 mL / 100 mL
Purple Mystery;Alien;Thierry Mugler;35 mL / 100 mL
Pink Treat;Yum Boujee Marshmallow;Kayali Fragrances;35 mL
Passion Flame;Power Of You;Armani;35 mL / 100 mL
Gold Starshine;Lady Million;Paco Rabanne;35 mL / 100 mL
Trait Distinctif;Signature;Chloé;35 mL / 100 mL
Gentle Bliss;La Vie Est Belle;Lancôme;35 mL / 100 mL
Regal Heritage;Aventus for Her;Creed;35 mL
Flamme Discrète;Rouge;Narciso Rodriguez;35 mL / 100 mL
Don Total;All Of Me;Narciso Rodriguez;35 mL / 100 mL
Bare Moss;Pure Musc;Narciso Rodriguez;35 mL / 100 mL
Rose Épurée;Pink Bottle;Narciso Rodriguez;35 mL / 100 mL
Noir Élégant;Black Bottle;Narciso Rodriguez;35 mL / 100 mL
Échappée Libre;Weekend;Burberry;35 mL / 100 mL
Her Freedom;Libre;Yves Saint Laurent (YSL);35 mL / 100 mL
Unspoken Desire;L'Interdit;Givenchy;35 mL / 100 mL
Mon Écosse;My Burberry;Burberry;35 mL / 100 mL
Souveraine Dorée;Imperatrice;Dolce & Gabbana (D&G);35 mL / 100 mL
Coup de Chance;Chance;Chanel;35 mL / 100 mL
Éclat Saphir;Blu;Bulgari;35 mL / 100 mL
Lady Poise;Chloé (éponyme);Chloé;35 mL / 100 mL
Terre Joyeuse;Terre di Gioia;Armani;35 mL / 100 mL
Élixir Aromatique;Aromatics Elixir;Clinique;35 mL / 100 mL
Cristal Obscur;Crystal Noir;Versace;35 mL / 100 mL
Passion Ailée;Eros (pour femme);Versace;35 mL / 100 mL
Cherry Bold;Very Good Girl;Carolina Herrera;35 mL / 100 mL
Lust Rebel for Her;Scandal;Jean Paul Gaultier (JPG);35 mL / 100 mL
Airy Bloom;Flora;Gucci;35 mL / 100 mL
Vertige Sucré;Poison Girl;Dior;35 mL / 100 mL
Douceur Chérie;Miss Dior Chérie;Dior;35 mL / 100 mL
Ensorcellement Nocturne;Narcotic Venus;Nasomatto;35 mL
Ivory Charm;Blanche;Byredo;35 mL / 100 mL
Simplement Être;CK Be;Calvin Klein;35 mL / 100 mL
Silhouette Noire;La Petite Robe Noire;Guerlain;35 mL / 100 mL
Écrin Précieux;Trésor;Lancôme;35 mL / 100 mL
Conte Interdit;Lolita Lempicka (éponyme);Lolita Lempicka;35 mL / 100 mL
Rose Écarlate;Rosa Rossa (Aqua Allegoria);Guerlain;35 mL / 100 mL
Bois Rouge Ardent;Red Wood;Dsquared2;35 mL / 100 mL
Vive Insouciance;Viva la Juicy;Juicy Culture;35 mL / 100 mL
Bouquet Affirmé;Si Fiori;Armani;35 mL / 100 mL
Flamme Assumée;The One;Dolce & Gabbana (D&G);35 mL / 100 mL
Bright Journey;My Way;Armani;35 mL / 100 mL
Elva;Bianco Latte;Giardini di Toscana;35 mL / 100 mL
Ange Rebelle;Good Girl Gone Bad;Kilian;35 mL / 100 mL
White Passion;Bombshell;Victoria's Secret;35 mL
White Caramel;Dark Angel;Victoria's Secret;35 mL
White Musk;Angel Gold;Victoria's Secret;35 mL
White Jasmine;Tease;Victoria's Secret;35 mL
White Lily;First Love;Victoria's Secret;35 mL
Mémoire Voilée;Memoir Woman;Amouage;35 mL
Roman Muse;Born in Roma Donna;Valentino;35 mL / 100 mL
Esprit de Musc;Valaya;Parfums de Marly;35 mL
Esprit de Rose;Delina;Parfums de Marly;35 mL
Signal Marin;Le Male;Jean Paul Gaultier (JPG);35 mL / 100 mL
Instant Neutre;One;Calvin Klein;35 mL / 100 mL
Vague Azurée;Dylan Blue;Versace;35 mL / 100 mL
Souffle Marin;Acqua di Gio';Armani;35 mL / 100 mL
Sillage Latin;Roma;Laura Biagiotti;35 mL / 100 mL
Chaleur Minérale;Fahrenheit;Dior;35 mL / 100 mL
Cercle Distingué;Gentleman Society;Givenchy;35 mL / 100 mL
Flèche d'Éros;Eros;Versace;35 mL / 100 mL
Fearless Gold;One Million;Paco Rabanne;35 mL / 100 mL
Essence Capturée;Bottled;Hugo Boss;35 mL / 100 mL
Invaincu;Invictus;Paco Rabanne;35 mL / 100 mL
Victor Heritage;Aventus;Creed;35 mL / 100 mL
Élégance Transalpine;Acqua di Parma;Acqua di Parma;35 mL / 100 mL
Bleu Signature;Bleu de Chanel;Chanel;35 mL / 100 mL
Farouche;Fierce;Abercrombie & Fitch;35 mL / 100 mL
Horizon Clair;Light Blue;Dolce & Gabbana (D&G);35 mL / 100 mL
Wild Might;Sauvage;Dior;35 mL / 100 mL
Terre Ardente;Terre d'Hermès;Hermès;35 mL / 100 mL
Trait Urbain;Hugo;Hugo Boss;35 mL / 100 mL
Smoked Vice;Oud Wood;Tom Ford;35 mL / 100 mL
Wild Might Intense;Sauvage Elixir;Dior;35 mL / 100 mL
Gentleman Anglais;Mr Burberry;Burberry;35 mL / 100 mL
Abysse Marine;Acqua di Gio' Profondo;Armani;35 mL / 100 mL
Silhouette Fantôme;Phantom;Paco Rabanne;35 mL / 100 mL
Code Secret;Code;Armani;35 mL / 100 mL
Serment Discret;Declaration;Cartier;35 mL / 100 mL
His Night;Opium;Yves Saint Laurent (YSL);35 mL / 100 mL
Éclat Provocateur;La Nuit de l'Homme;Jean Paul Gaultier (JPG);35 mL / 100 mL
Charme Naturel;Scandal;Chanel;35 mL / 100 mL
Dark Intimacy;Allure;Yves Saint Laurent (YSL);35 mL / 100 mL
Autorité Tranquille;Boss;Hugo Boss;35 mL / 100 mL
Cœur Vaillant;Only The Brave;Diesel;35 mL / 100 mL
Force Tranquille;The One for Man;Dolce & Gabbana (D&G);35 mL / 100 mL
Sommet Contemporain;Homme 2023;Moncler;35 mL / 100 mL
Burning Vice;Tobacco Vanille;Tom Ford;35 mL / 100 mL
Interlude Précieux;Interlude Man;Amouage;35 mL / 100 mL
Excellence Confidentielle;N°1 Men;Clive Christian;35 mL
Onde Tonka;Tonkatonic;Morph;35 mL
Green Treat;Yum Pistachio Gelato;Kayali Fragrances;35 mL
Sel de Mer;Acqua di Sale;Profumum Roma;35 mL / 100 mL
Black Void;Black Afgano;Nasomatto;35 mL
Dusk Nomad;Intense Café;Montale;35 mL / 100 mL
Myam;Yara;Lattafa;35 mL
Velvet Heritage;Sublime Vanilla;Creed;35 mL
Alpine Heritage;Silver Mountain;Creed;35 mL / 100 mL
Éclat Métallique;Bois d'Argent;Dior;35 mL / 100 mL
Shadow Vice;Ombre Leather;Tom Ford;35 mL / 100 mL
Vibration Intense;Zeta Intense;Morph;35 mL
Peau Nue;Nudo;Morph;35 mL
Marée Profonde;Megamare;Orto Parisi;35 mL
Amande de Sicile;Mandorlo di Sicilia;Acqua di Parma;35 mL / 100 mL
Deep Majesty;Bahar;Spirit of Dubai;35 mL
Crystal Signature;Baccarat Rouge 540;F. Kurkdjian;35 mL / 100 mL
Ancient Majesty;Turath;Spirit of Dubai;35 mL
Riviera Solaire;Dioriviera;Dior;35 mL
Câlin Poudré;Babycoccole (éponyme);Babycoccole;35 mL
Dark Vice;Black Orchid;Tom Ford;35 mL / 100 mL
Tabac Ardent;Red Tobacco;Mancera;35 mL / 100 mL
Indompté;Indomable;Morph;35 mL
Ember Oud;Ombre Nomade;Louis Vuitton;35 mL / 100 mL
Gold Nomad;Arabians Tonka;Montale;35 mL / 100 mL
Envoûtement Doré;Kirkè;Tiziana Terenzi;35 mL / 100 mL
Crimson Vice;Lost Cherry;Tom Ford;35 mL / 100 mL
Braise Nocturne;Nuit de Feu;Louis Vuitton;35 mL
Ambre Velouté;Velvet Amber Sun;Dolce & Gabbana (D&G);35 mL
Medi Vice;Neroli Portofino;Tom Ford;35 mL / 100 mL
White Vice;Soleil Blanc;Tom Ford;35 mL / 100 mL
Présence Étrange;Disumano;Morph;35 mL
South's Whisper;Erba Pura;Xerjoff;35 mL / 100 mL
Douceur Romaine;Annone;Pantheon Roma;35 mL
Île Secrète;Gozo;Jeroboam;35 mL
Soleil Égéen;Naxos;Xerjoff;35 mL / 100 mL
Oud Immersion;Oud Maracuja;Maison Crivelli;35 mL
Scarlet Immersion;Hibiscus Mahajad;Maison Crivelli;35 mL
Lagon Tropical;Borabora;Giardini di Toscana;35 mL
Lumière Persistante;Shine Despite Everything;Atkinsons;35 mL
Étoile Intérieure;Guidance;Amouage;35 mL
Écho Précieux;Reflection;Amouage;35 mL
Cèdre Impérial;Bois Impérial;Essential Parfums;35 mL
Galaxy Immersion;Tubéreuse Astrale;Maison Crivelli;35 mL
Naked Vice;Vanilla Sex;Tom Ford;35 mL
Crown Heritage;Absolu Aventus 2025;Creed;35 mL
Majestic Heritage;Royal Oud;Creed;35 mL
Obsidian Heritage;Oud Zarian;Creed;35 mL
Silent Breath;Vanilla Powder;Matière Première;35 mL / 100 mL
Garden of Amber Resin;Myrrh & Tonka;Jo Malone London;35 mL
Garden of Golden Fields;Poppy & Barley;Jo Malone London;35 mL
Garden of White Orchard;English Pear & Freesia;Jo Malone London;35 mL
Garden of Smoked Citrus;Oud & Bergamot;Jo Malone London;35 mL
